{
  "annotations": {
    "list": [
      {
        "builtIn": 1,
        "datasource": {
          "type": "grafana",
          "uid": "-- Grafana --"
        },
        "enable": true,
        "hide": true,
        "iconColor": "rgba(0, 211, 255, 1)",
        "name": "Annotations & Alerts",
        "type": "dashboard"
      }
    ]
  },
  "editable": true,
  "fiscalYearStartMonth": 0,
  "graphTooltip": 0,
  "id": 31,
  "links": [
    {
      "asDropdown": false,
      "icon": "external link",
      "includeVars": false,
      "keepTime": true,
      "tags": [
        "overview"
      ],
      "targetBlank": false,
      "title": "",
      "tooltip": "",
      "type": "dashboards",
      "url": ""
    }
  ],
  "liveNow": false,
  "panels": [
    {
      "datasource": {
        "type": "prometheus",
        "uid": "fdfe86a7-db47-43d9-b815-e17b77c4f3b3"
      },
      "gridPos": {
        "h": 4,
        "w": 24,
        "x": 0,
        "y": 0
      },
      "id": 10,
      "options": {
        "code": {
          "language": "plaintext",
          "showLineNumbers": false,
          "showMiniMap": false
        },
        "content": "# Hybrid SUV Project\n\nThis project demonstrates the design for the Hybrid SUV.\n\n",
        "mode": "markdown"
      },
      "pluginVersion": "11.1.0-71516",
      "transparent": true,
      "type": "text"
    },
    {
      "datasource": {
        "type": "prometheus",
        "uid": "fdfe86a7-db47-43d9-b815-e17b77c4f3b3"
      },
      "description": "",
      "fieldConfig": {
        "defaults": {
          "color": {
            "mode": "palette-classic"
          },
          "mappings": [],
          "min": 0,
          "thresholds": {
            "mode": "absolute",
            "steps": [
              {
                "color": "green",
                "value": null
              }
            ]
          }
        },
        "overrides": []
      },
      "gridPos": {
        "h": 6,
        "w": 12,
        "x": 0,
        "y": 4
      },
      "id": 8,
      "options": {
        "displayMode": "gradient",
        "maxVizHeight": 300,
        "minVizHeight": 16,
        "minVizWidth": 300,
        "namePlacement": "auto",
        "orientation": "horizontal",
        "reduceOptions": {
          "calcs": [
            "lastNotNull"
          ],
          "fields": "",
          "values": false
        },
        "showUnfilled": true,
        "sizing": "auto",
        "valueMode": "color"
      },
      "pluginVersion": "11.1.0-71516",
      "targets": [
        {
          "datasource": {
            "type": "prometheus",
            "uid": "fdfe86a7-db47-43d9-b815-e17b77c4f3b3"
          },
          "disableTextWrap": false,
          "editorMode": "builder",
          "exemplar": false,
          "expr": "sum by(Supertype) (label_replace(label_replace(label_replace(label_replace(label_replace(elements, \"Supertype\", \"Structural\", \"ElementStereotype\", \"(block|interfaceblock|proxyconnector|proxyport|signal|part|port)\"), \"Supertype\", \"Behaviour\", \"ElementStereotype\", \"(action|actionpin|activity|mergenode|activityparameter|activitypartition|centralbuffernode|interruptibleactivityregion)\"), \"Supertype\", \"Use Case\", \"ElementStereotype\", \"(actor|usecase)\"), \"Supertype\", \"Misc\", \"ElementStereotype\", \"(boundary|note|package|statenode|synchronization)\"), \"Supertype\", \"Requirements\", \"ElementStereotype\", \"(requirement|functionalrequirement|extendedrequirement)\"))",
          "fullMetaSearch": false,
          "includeNullMetadata": true,
          "instant": true,
          "legendFormat": "__auto",
          "range": false,
          "refId": "A",
          "useBackend": false
        }
      ],
      "title": "Model Elements",
      "transformations": [
        {
          "id": "renameByRegex",
          "options": {
            "regex": "(UC)",
            "renamePattern": "Use Case Rules"
          }
        }
      ],
      "transparent": true,
      "type": "bargauge"
    },
    {
      "datasource": {
        "type": "prometheus",
        "uid": "fdfe86a7-db47-43d9-b815-e17b77c4f3b3"
      },
      "description": "This panel shows the number of rule violations that are currently present in the model.",
      "fieldConfig": {
        "defaults": {
          "color": {
            "mode": "palette-classic"
          },
          "mappings": [],
          "min": 0,
          "thresholds": {
            "mode": "absolute",
            "steps": [
              {
                "color": "green",
                "value": null
              }
            ]
          }
        },
        "overrides": []
      },
      "gridPos": {
        "h": 6,
        "w": 12,
        "x": 12,
        "y": 4
      },
      "id": 4,
      "options": {
        "minVizHeight": 75,
        "minVizWidth": 75,
        "orientation": "auto",
        "reduceOptions": {
          "calcs": [
            "lastNotNull"
          ],
          "fields": "",
          "values": false
        },
        "showThresholdLabels": false,
        "showThresholdMarkers": true,
        "sizing": "auto"
      },
      "pluginVersion": "11.1.0-71516",
      "targets": [
        {
          "datasource": {
            "type": "prometheus",
            "uid": "fdfe86a7-db47-43d9-b815-e17b77c4f3b3"
          },
          "disableTextWrap": false,
          "editorMode": "builder",
          "exemplar": false,
          "expr": "sum by(RuleType) (ruleValue)",
          "fullMetaSearch": false,
          "includeNullMetadata": true,
          "instant": true,
          "legendFormat": "__auto",
          "range": false,
          "refId": "A",
          "useBackend": false
        }
      ],
      "title": "Model Errors",
      "transformations": [
        {
          "id": "renameByRegex",
          "options": {
            "regex": "(UC)",
            "renamePattern": "Use Case Rules"
          }
        }
      ],
      "transparent": true,
      "type": "gauge"
    },
    {
      "datasource": {
        "type": "prometheus",
        "uid": "fdfe86a7-db47-43d9-b815-e17b77c4f3b3"
      },
      "description": "",
      "fieldConfig": {
        "defaults": {
          "color": {
            "mode": "palette-classic"
          },
          "custom": {
            "axisBorderShow": false,
            "axisCenteredZero": false,
            "axisColorMode": "text",
            "axisLabel": "",
            "axisPlacement": "auto",
            "barAlignment": 0,
            "drawStyle": "line",
            "fillOpacity": 25,
            "gradientMode": "none",
            "hideFrom": {
              "legend": false,
              "tooltip": false,
              "viz": false
            },
            "insertNulls": false,
            "lineInterpolation": "stepAfter",
            "lineWidth": 1,
            "pointSize": 5,
            "scaleDistribution": {
              "type": "linear"
            },
            "showPoints": "auto",
            "spanNulls": false,
            "stacking": {
              "group": "A",
              "mode": "normal"
            },
            "thresholdsStyle": {
              "mode": "off"
            }
          },
          "mappings": [],
          "min": 0,
          "thresholds": {
            "mode": "absolute",
            "steps": [
              {
                "color": "green",
                "value": null
              },
              {
                "color": "red",
                "value": 80
              }
            ]
          }
        },
        "overrides": []
      },
      "gridPos": {
        "h": 6,
        "w": 12,
        "x": 0,
        "y": 10
      },
      "id": 9,
      "options": {
        "legend": {
          "calcs": [],
          "displayMode": "list",
          "placement": "bottom",
          "showLegend": true
        },
        "tooltip": {
          "maxHeight": 600,
          "mode": "single",
          "sort": "none"
        }
      },
      "pluginVersion": "11.0.0-67429",
      "targets": [
        {
          "datasource": {
            "type": "prometheus",
            "uid": "fdfe86a7-db47-43d9-b815-e17b77c4f3b3"
          },
          "disableTextWrap": false,
          "editorMode": "builder",
          "expr": "sum by(Supertype) (label_replace(label_replace(label_replace(label_replace(label_replace(elements, \"Supertype\", \"Structural\", \"ElementStereotype\", \"(block|interfaceblock|proxyconnector|proxyport|signal|part|port)\"), \"Supertype\", \"Behaviour\", \"ElementStereotype\", \"(action|actionpin|activity|mergenode|activityparameter|activitypartition|centralbuffernode|interruptibleactivityregion)\"), \"Supertype\", \"Use Case\", \"ElementStereotype\", \"(actor|usecase)\"), \"Supertype\", \"Misc\", \"ElementStereotype\", \"(boundary|note|package|statenode|synchronization)\"), \"Supertype\", \"Requirements\", \"ElementStereotype\", \"(requirement|functionalrequirement|extendedrequirement)\"))",
          "fullMetaSearch": false,
          "includeNullMetadata": true,
          "instant": false,
          "legendFormat": "__auto",
          "range": true,
          "refId": "A",
          "useBackend": false
        }
      ],
      "title": "Model Elements",
      "transformations": [
        {
          "id": "renameByRegex",
          "options": {
            "regex": "(UC)",
            "renamePattern": "Use Case Rules"
          }
        }
      ],
      "transparent": true,
      "type": "timeseries"
    },
    {
      "datasource": {
        "type": "prometheus",
        "uid": "fdfe86a7-db47-43d9-b815-e17b77c4f3b3"
      },
      "description": "",
      "fieldConfig": {
        "defaults": {
          "color": {
            "mode": "palette-classic"
          },
          "custom": {
            "hideFrom": {
              "legend": false,
              "tooltip": false,
              "viz": false
            }
          },
          "mappings": [],
          "min": 0
        },
        "overrides": []
      },
      "gridPos": {
        "h": 12,
        "w": 5,
        "x": 12,
        "y": 10
      },
      "id": 11,
      "options": {
        "legend": {
          "displayMode": "list",
          "placement": "bottom",
          "showLegend": true
        },
        "pieType": "pie",
        "reduceOptions": {
          "calcs": [
            "lastNotNull"
          ],
          "fields": "",
          "values": false
        },
        "tooltip": {
          "maxHeight": 600,
          "mode": "single",
          "sort": "none"
        }
      },
      "pluginVersion": "11.0.0-67977",
      "targets": [
        {
          "datasource": {
            "type": "prometheus",
            "uid": "fdfe86a7-db47-43d9-b815-e17b77c4f3b3"
          },
          "disableTextWrap": false,
          "editorMode": "builder",
          "expr": "sum by(Supertype) (label_replace(label_replace(label_replace(label_replace(label_replace(elements, \"Supertype\", \"Structural\", \"ElementStereotype\", \"(block|interfaceblock|proxyconnector|proxyport|signal|part|port)\"), \"Supertype\", \"Behaviour\", \"ElementStereotype\", \"(action|actionpin|activity|mergenode|activityparameter|activitypartition|centralbuffernode|interruptibleactivityregion)\"), \"Supertype\", \"Use Case\", \"ElementStereotype\", \"(actor|usecase)\"), \"Supertype\", \"Misc\", \"ElementStereotype\", \"(boundary|note|package|statenode|synchronization)\"), \"Supertype\", \"Requirements\", \"ElementStereotype\", \"(requirement|functionalrequirement|extendedrequirement)\"))",
          "fullMetaSearch": false,
          "includeNullMetadata": true,
          "instant": false,
          "legendFormat": "__auto",
          "range": true,
          "refId": "A",
          "useBackend": false
        }
      ],
      "title": "Model Elements",
      "transformations": [
        {
          "id": "renameByRegex",
          "options": {
            "regex": "(UC)",
            "renamePattern": "Use Case Rules"
          }
        }
      ],
      "transparent": true,
      "type": "piechart"
    },
    {
      "datasource": {
        "type": "prometheus",
        "uid": "fdfe86a7-db47-43d9-b815-e17b77c4f3b3"
      },
      "description": "This dashboard summarises the total number of violated model rules, grouped by type.",
      "fieldConfig": {
        "defaults": {
          "color": {
            "mode": "palette-classic"
          },
          "custom": {
            "axisBorderShow": false,
            "axisCenteredZero": false,
            "axisColorMode": "text",
            "axisLabel": "",
            "axisPlacement": "auto",
            "barAlignment": 0,
            "drawStyle": "line",
            "fillOpacity": 50,
            "gradientMode": "none",
            "hideFrom": {
              "legend": false,
              "tooltip": false,
              "viz": false
            },
            "insertNulls": false,
            "lineInterpolation": "linear",
            "lineStyle": {
              "fill": "solid"
            },
            "lineWidth": 1,
            "pointSize": 1,
            "scaleDistribution": {
              "type": "linear"
            },
            "showPoints": "auto",
            "spanNulls": false,
            "stacking": {
              "group": "A",
              "mode": "normal"
            },
            "thresholdsStyle": {
              "mode": "off"
            }
          },
          "mappings": [],
          "min": 0,
          "thresholds": {
            "mode": "absolute",
            "steps": [
              {
                "color": "green",
                "value": null
              },
              {
                "color": "red",
                "value": 80
              }
            ]
          }
        },
        "overrides": []
      },
      "gridPos": {
        "h": 12,
        "w": 7,
        "x": 17,
        "y": 10
      },
      "id": 3,
      "options": {
        "legend": {
          "calcs": [],
          "displayMode": "list",
          "placement": "bottom",
          "showLegend": true
        },
        "tooltip": {
          "maxHeight": 600,
          "mode": "single",
          "sort": "none"
        }
      },
      "pluginVersion": "10.3.0-64167",
      "targets": [
        {
          "datasource": {
            "type": "prometheus",
            "uid": "fdfe86a7-db47-43d9-b815-e17b77c4f3b3"
          },
          "disableTextWrap": false,
          "editorMode": "builder",
          "expr": "sum by(RuleType) (ruleValue)",
          "fullMetaSearch": false,
          "includeNullMetadata": true,
          "instant": false,
          "legendFormat": "__auto",
          "range": true,
          "refId": "A",
          "useBackend": false
        }
      ],
      "title": "Rule Violations by Type",
      "transparent": true,
      "type": "timeseries"
    },
    {
      "datasource": {
        "type": "prometheus",
        "uid": "fdfe86a7-db47-43d9-b815-e17b77c4f3b3"
      },
      "fieldConfig": {
        "defaults": {
          "color": {
            "mode": "palette-classic"
          },
          "custom": {
            "axisBorderShow": false,
            "axisCenteredZero": false,
            "axisColorMode": "text",
            "axisLabel": "",
            "axisPlacement": "auto",
            "barAlignment": 0,
            "drawStyle": "line",
            "fillOpacity": 50,
            "gradientMode": "none",
            "hideFrom": {
              "legend": false,
              "tooltip": false,
              "viz": false
            },
            "insertNulls": false,
            "lineInterpolation": "linear",
            "lineStyle": {
              "fill": "solid"
            },
            "lineWidth": 1,
            "pointSize": 1,
            "scaleDistribution": {
              "type": "linear"
            },
            "showPoints": "auto",
            "spanNulls": false,
            "stacking": {
              "group": "A",
              "mode": "normal"
            },
            "thresholdsStyle": {
              "mode": "off"
            }
          },
          "mappings": [],
          "min": 0,
          "thresholds": {
            "mode": "absolute",
            "steps": [
              {
                "color": "green",
                "value": null
              },
              {
                "color": "red",
                "value": 80
              }
            ]
          }
        },
        "overrides": []
      },
      "gridPos": {
        "h": 6,
        "w": 12,
        "x": 0,
        "y": 16
      },
      "id": 2,
      "options": {
        "legend": {
          "calcs": [],
          "displayMode": "list",
          "placement": "bottom",
          "showLegend": true
        },
        "tooltip": {
          "maxHeight": 600,
          "mode": "single",
          "sort": "none"
        }
      },
      "pluginVersion": "10.3.0-64167",
      "targets": [
        {
          "datasource": {
            "type": "prometheus",
            "uid": "fdfe86a7-db47-43d9-b815-e17b77c4f3b3"
          },
          "disableTextWrap": false,
          "editorMode": "builder",
          "expr": "sum by(Author) (elements)",
          "fullMetaSearch": false,
          "includeNullMetadata": true,
          "instant": false,
          "legendFormat": "__auto",
          "range": true,
          "refId": "A",
          "useBackend": false
        }
      ],
      "title": "Model Size (By Author)",
      "transparent": true,
      "type": "timeseries"
    }
  ],
  "refresh": "30s",
  "schemaVersion": 39,
  "tags": [
    "overview"
  ],
  "templating": {
    "list": []
  },
  "time": {
    "from": "now-30d",
    "to": "now"
  },
  "timepicker": {},
  "timezone": "",
  "title": "Project Overview",
  "uid": "e83da9af-d7bd-4f91-b1a6-972d4ccb36fb",
  "version": 23,
  "weekStart": ""
}