{
  "annotations": {
    "list": [
      {
        "builtIn": 1,
        "datasource": {
          "type": "grafana",
          "uid": "-- Grafana --"
        },
        "enable": true,
        "hide": true,
        "iconColor": "rgba(0, 211, 255, 1)",
        "name": "Annotations & Alerts",
        "type": "dashboard"
      }
    ]
  },
  "editable": true,
  "fiscalYearStartMonth": 0,
  "graphTooltip": 0,
  "id": 36,
  "links": [
    {
      "asDropdown": false,
      "icon": "external link",
      "includeVars": false,
      "keepTime": true,
      "tags": [
        "overview"
      ],
      "targetBlank": false,
      "title": "",
      "tooltip": "",
      "type": "dashboards",
      "url": ""
    }
  ],
  "liveNow": false,
  "panels": [
    {
      "datasource": {
        "type": "mysql",
        "uid": "ae511343-81ff-4ee9-8157-ac3f83decf4d"
      },
      "fieldConfig": {
        "defaults": {
          "color": {
            "mode": "palette-classic"
          },
          "mappings": [],
          "thresholds": {
            "mode": "absolute",
            "steps": [
              {
                "color": "green",
                "value": null
              }
            ]
          }
        },
        "overrides": []
      },
      "gridPos": {
        "h": 3,
        "w": 10,
        "x": 0,
        "y": 0
      },
      "id": 1,
      "options": {
        "colorMode": "background",
        "graphMode": "none",
        "justifyMode": "center",
        "orientation": "auto",
        "reduceOptions": {
          "calcs": [
            "lastNotNull"
          ],
          "fields": "",
          "values": true
        },
        "showPercentChange": false,
        "textMode": "auto",
        "wideLayout": true
      },
      "pluginVersion": "11.1.0-70958",
      "targets": [
        {
          "dataset": "EA_MBSE2",
          "datasource": {
            "type": "mysql",
            "uid": "ae511343-81ff-4ee9-8157-ac3f83decf4d"
          },
          "editorMode": "code",
          "format": "table",
          "rawQuery": true,
          "rawSql": "select count(t_object.object_id) as 'Use Cases' from t_object\r\nleft join t_package on t_package.package_id = t_object.package_id\r\nwhere t_object.object_type = 'UseCase'\r\n",
          "refId": "A",
          "sql": {
            "columns": [
              {
                "parameters": [],
                "type": "function"
              }
            ],
            "groupBy": [
              {
                "property": {
                  "type": "string"
                },
                "type": "groupBy"
              }
            ],
            "limit": 50
          }
        },
        {
          "dataset": "EA_MBSE2",
          "datasource": {
            "type": "mysql",
            "uid": "ae511343-81ff-4ee9-8157-ac3f83decf4d"
          },
          "editorMode": "code",
          "format": "table",
          "hide": false,
          "rawQuery": true,
          "rawSql": "select count(t_object.object_id) as 'Actors' from t_object\r\nleft join t_package on t_package.package_id = t_object.package_id\r\nwhere t_object.object_type = 'Actor'",
          "refId": "B",
          "sql": {
            "columns": [
              {
                "parameters": [],
                "type": "function"
              }
            ],
            "groupBy": [
              {
                "property": {
                  "type": "string"
                },
                "type": "groupBy"
              }
            ],
            "limit": 50
          }
        }
      ],
      "transformations": [
        {
          "id": "organize",
          "options": {
            "excludeByName": {
              "Author": true,
              "ElementStereotype": false,
              "Time": true,
              "Value": false,
              "__name__": true,
              "database": true,
              "instance": true,
              "job": true
            },
            "includeByName": {},
            "indexByName": {},
            "renameByName": {}
          }
        }
      ],
      "transparent": true,
      "type": "stat"
    },
    {
      "datasource": {
        "type": "prometheus",
        "uid": "fdfe86a7-db47-43d9-b815-e17b77c4f3b3"
      },
      "fieldConfig": {
        "defaults": {
          "color": {
            "mode": "palette-classic"
          },
          "custom": {
            "axisBorderShow": false,
            "axisCenteredZero": false,
            "axisColorMode": "text",
            "axisLabel": "",
            "axisPlacement": "auto",
            "barAlignment": 0,
            "drawStyle": "line",
            "fillOpacity": 10,
            "gradientMode": "opacity",
            "hideFrom": {
              "legend": false,
              "tooltip": false,
              "viz": false
            },
            "insertNulls": false,
            "lineInterpolation": "stepAfter",
            "lineWidth": 1,
            "pointSize": 5,
            "scaleDistribution": {
              "type": "linear"
            },
            "showPoints": "never",
            "spanNulls": true,
            "stacking": {
              "group": "A",
              "mode": "none"
            },
            "thresholdsStyle": {
              "mode": "off"
            }
          },
          "mappings": [],
          "thresholds": {
            "mode": "absolute",
            "steps": [
              {
                "color": "green",
                "value": null
              },
              {
                "color": "red",
                "value": 80
              }
            ]
          }
        },
        "overrides": []
      },
      "gridPos": {
        "h": 10,
        "w": 7,
        "x": 10,
        "y": 0
      },
      "id": 8,
      "options": {
        "legend": {
          "calcs": [],
          "displayMode": "list",
          "placement": "bottom",
          "showLegend": true
        },
        "tooltip": {
          "maxHeight": 600,
          "mode": "single",
          "sort": "none"
        }
      },
      "targets": [
        {
          "datasource": {
            "type": "prometheus",
            "uid": "fdfe86a7-db47-43d9-b815-e17b77c4f3b3"
          },
          "disableTextWrap": false,
          "editorMode": "builder",
          "exemplar": false,
          "expr": "ruleValue{RuleType=\"UseCase\"}",
          "fullMetaSearch": false,
          "includeNullMetadata": true,
          "instant": false,
          "legendFormat": "{{Rule}}",
          "range": true,
          "refId": "A",
          "useBackend": false
        }
      ],
      "title": "Rule Value History",
      "transparent": true,
      "type": "timeseries"
    },
    {
      "datasource": {
        "type": "prometheus",
        "uid": "fdfe86a7-db47-43d9-b815-e17b77c4f3b3"
      },
      "fieldConfig": {
        "defaults": {
          "color": {
            "mode": "palette-classic"
          },
          "custom": {
            "axisBorderShow": false,
            "axisCenteredZero": false,
            "axisColorMode": "text",
            "axisLabel": "",
            "axisPlacement": "auto",
            "barAlignment": 0,
            "drawStyle": "line",
            "fillOpacity": 10,
            "gradientMode": "opacity",
            "hideFrom": {
              "legend": false,
              "tooltip": false,
              "viz": false
            },
            "insertNulls": false,
            "lineInterpolation": "linear",
            "lineWidth": 1,
            "pointSize": 5,
            "scaleDistribution": {
              "type": "linear"
            },
            "showPoints": "never",
            "spanNulls": false,
            "stacking": {
              "group": "A",
              "mode": "normal"
            },
            "thresholdsStyle": {
              "mode": "off"
            }
          },
          "mappings": [],
          "thresholds": {
            "mode": "absolute",
            "steps": [
              {
                "color": "green",
                "value": null
              },
              {
                "color": "red",
                "value": 80
              }
            ]
          }
        },
        "overrides": []
      },
      "gridPos": {
        "h": 10,
        "w": 7,
        "x": 17,
        "y": 0
      },
      "id": 7,
      "options": {
        "legend": {
          "calcs": [],
          "displayMode": "list",
          "placement": "bottom",
          "showLegend": true
        },
        "tooltip": {
          "maxHeight": 600,
          "mode": "single",
          "sort": "none"
        }
      },
      "targets": [
        {
          "datasource": {
            "type": "prometheus",
            "uid": "fdfe86a7-db47-43d9-b815-e17b77c4f3b3"
          },
          "disableTextWrap": false,
          "editorMode": "code",
          "exemplar": false,
          "expr": "Actors",
          "format": "time_series",
          "fullMetaSearch": false,
          "includeNullMetadata": true,
          "instant": false,
          "legendFormat": "{{__name__}}",
          "range": true,
          "refId": "A",
          "useBackend": false
        },
        {
          "datasource": {
            "type": "prometheus",
            "uid": "fdfe86a7-db47-43d9-b815-e17b77c4f3b3"
          },
          "editorMode": "code",
          "expr": "UseCases",
          "hide": false,
          "instant": false,
          "legendFormat": "{{__name__}}",
          "range": true,
          "refId": "B"
        }
      ],
      "title": "Model Size History",
      "transparent": true,
      "type": "timeseries"
    },
    {
      "datasource": {
        "type": "mysql",
        "uid": "ae511343-81ff-4ee9-8157-ac3f83decf4d"
      },
      "description": "",
      "fieldConfig": {
        "defaults": {
          "color": {
            "mode": "thresholds"
          },
          "custom": {
            "align": "auto",
            "cellOptions": {
              "type": "auto"
            },
            "inspect": false
          },
          "mappings": [],
          "thresholds": {
            "mode": "absolute",
            "steps": [
              {
                "color": "green",
                "value": null
              },
              {
                "color": "red",
                "value": 80
              }
            ]
          }
        },
        "overrides": [
          {
            "matcher": {
              "id": "byName",
              "options": "Rule"
            },
            "properties": [
              {
                "id": "custom.width",
                "value": 114
              }
            ]
          }
        ]
      },
      "gridPos": {
        "h": 7,
        "w": 10,
        "x": 0,
        "y": 3
      },
      "id": 5,
      "options": {
        "cellHeight": "sm",
        "footer": {
          "countRows": false,
          "fields": "",
          "reducer": [
            "sum"
          ],
          "show": false
        },
        "showHeader": true,
        "sortBy": []
      },
      "pluginVersion": "11.1.0-70958",
      "targets": [
        {
          "dataset": "EA_MBSE2",
          "datasource": {
            "type": "mysql",
            "uid": "ae511343-81ff-4ee9-8157-ac3f83decf4d"
          },
          "editorMode": "code",
          "format": "table",
          "rawQuery": true,
          "rawSql": "select t_object.name as 'Rule', t_object.note as 'Rule Detail' from t_object\r\nleft join t_package on t_package.package_id = t_object.package_id\r\nwhere t_package.ea_guid = '{B127F7E6-A7AB-42cd-B364-05167C3F5832}'",
          "refId": "A",
          "sql": {
            "columns": [
              {
                "parameters": [],
                "type": "function"
              }
            ],
            "groupBy": [
              {
                "property": {
                  "type": "string"
                },
                "type": "groupBy"
              }
            ],
            "limit": 50
          }
        }
      ],
      "transparent": true,
      "type": "table"
    },
    {
      "datasource": {
        "type": "prometheus",
        "uid": "fdfe86a7-db47-43d9-b815-e17b77c4f3b3"
      },
      "fieldConfig": {
        "defaults": {
          "color": {
            "mode": "palette-classic"
          },
          "custom": {
            "axisBorderShow": true,
            "axisCenteredZero": false,
            "axisColorMode": "text",
            "axisGridShow": true,
            "axisLabel": "",
            "axisPlacement": "auto",
            "fillOpacity": 80,
            "gradientMode": "none",
            "hideFrom": {
              "legend": false,
              "tooltip": false,
              "viz": false
            },
            "lineWidth": 1,
            "scaleDistribution": {
              "type": "linear"
            },
            "thresholdsStyle": {
              "mode": "off"
            }
          },
          "mappings": [],
          "thresholds": {
            "mode": "absolute",
            "steps": [
              {
                "color": "green",
                "value": null
              },
              {
                "color": "red",
                "value": 80
              }
            ]
          }
        },
        "overrides": [
          {
            "matcher": {
              "id": "byName",
              "options": "Time"
            },
            "properties": [
              {
                "id": "custom.axisPlacement",
                "value": "hidden"
              }
            ]
          }
        ]
      },
      "gridPos": {
        "h": 12,
        "w": 7,
        "x": 0,
        "y": 10
      },
      "id": 11,
      "options": {
        "barRadius": 0,
        "barWidth": 0.97,
        "fullHighlight": false,
        "groupWidth": 0.96,
        "legend": {
          "calcs": [],
          "displayMode": "list",
          "placement": "bottom",
          "showLegend": true
        },
        "orientation": "horizontal",
        "showValue": "auto",
        "stacking": "none",
        "tooltip": {
          "maxHeight": 600,
          "mode": "single",
          "sort": "none"
        },
        "xTickLabelRotation": 0,
        "xTickLabelSpacing": 0
      },
      "targets": [
        {
          "datasource": {
            "type": "prometheus",
            "uid": "fdfe86a7-db47-43d9-b815-e17b77c4f3b3"
          },
          "disableTextWrap": false,
          "editorMode": "builder",
          "exemplar": false,
          "expr": "ruleValue{RuleType=\"UseCase\"}",
          "fullMetaSearch": false,
          "includeNullMetadata": true,
          "instant": true,
          "legendFormat": "{{Rule}}",
          "range": false,
          "refId": "A",
          "useBackend": false
        }
      ],
      "title": "Rule Value History",
      "transparent": true,
      "type": "barchart"
    },
    {
      "datasource": {
        "type": "mysql",
        "uid": "ae511343-81ff-4ee9-8157-ac3f83decf4d"
      },
      "fieldConfig": {
        "defaults": {
          "color": {
            "mode": "thresholds"
          },
          "custom": {
            "align": "auto",
            "cellOptions": {
              "type": "auto"
            },
            "inspect": false
          },
          "mappings": [],
          "thresholds": {
            "mode": "absolute",
            "steps": [
              {
                "color": "green",
                "value": null
              }
            ]
          }
        },
        "overrides": []
      },
      "gridPos": {
        "h": 12,
        "w": 17,
        "x": 7,
        "y": 10
      },
      "id": 4,
      "options": {
        "cellHeight": "sm",
        "footer": {
          "countRows": false,
          "enablePagination": true,
          "fields": "",
          "reducer": [
            "sum"
          ],
          "show": false
        },
        "showHeader": true,
        "sortBy": []
      },
      "pluginVersion": "11.1.0-70958",
      "targets": [
        {
          "dataset": "EA_MBSE2",
          "datasource": {
            "type": "mysql",
            "uid": "ae511343-81ff-4ee9-8157-ac3f83decf4d"
          },
          "editorMode": "code",
          "format": "table",
          "rawQuery": true,
          "rawSql": "select 'R-01' as 'Rule', t_object.name as 'Element Name', t_object.ea_guid as 'GUID' from t_object\r\nleft join t_connector on t_connector.start_object_id = t_object.object_id or t_connector.end_object_id = t_object.object_id\r\nwhere t_object.object_type = 'UseCase' and t_connector.connector_id is null\r\nunion all\r\nselect 'R-02' as 'Rule', t_object.name as 'Element Name', t_object.ea_guid as 'GUID' from t_object\r\nleft join t_connector on t_connector.start_object_id = t_object.object_id or t_connector.end_object_id = t_object.object_id\r\nwhere t_object.object_type = 'Actor' and t_connector.connector_id is null\r\nunion all\r\nselect 'R-03' as 'Rule', t_object.name as 'Element Name', t_object.ea_guid as 'GUID' from t_object\r\nleft join t_diagramobjects on t_diagramobjects.object_id = t_object.object_id\r\nwhere t_object.object_type = 'Actor' and t_diagramobjects.Diagram_ID is null\r\nunion all\r\nselect 'R-04' as 'Rule', t_object.name as 'Element Name', t_object.ea_guid as 'GUID' from t_object\r\nleft join t_diagramobjects on t_diagramobjects.object_id = t_object.object_id\r\nwhere t_object.object_type = 'UseCase' and t_diagramobjects.Diagram_ID is null\r\nunion all\r\nselect 'R-05' as 'Rule', t_object.name as 'Element Name', t_object.ea_guid as 'GUID' from t_object\r\nleft join t_xref on t_xref.Client = t_object.ea_guid\r\nleft join t_diagram on t_diagram.ea_guid = t_xref.Supplier \r\nwhere t_diagram.Diagram_ID is null and t_object.Object_Type = 'UseCase'",
          "refId": "A",
          "sql": {
            "columns": [
              {
                "parameters": [],
                "type": "function"
              }
            ],
            "groupBy": [
              {
                "property": {
                  "type": "string"
                },
                "type": "groupBy"
              }
            ],
            "limit": 50
          }
        }
      ],
      "title": "Elements Failing Rules",
      "transformations": [
        {
          "id": "groupBy",
          "options": {
            "fields": {
              "Element Name": {
                "aggregations": [],
                "operation": "groupby"
              },
              "GUID": {
                "aggregations": [],
                "operation": "groupby"
              },
              "Rule": {
                "aggregations": [
                  "uniqueValues"
                ],
                "operation": "aggregate"
              }
            }
          }
        }
      ],
      "transparent": true,
      "type": "table"
    }
  ],
  "schemaVersion": 39,
  "tags": [
    "overview"
  ],
  "templating": {
    "list": []
  },
  "time": {
    "from": "now-30d",
    "to": "now"
  },
  "timeRangeUpdatedDuringEditOrView": false,
  "timepicker": {},
  "timezone": "",
  "title": "Use Case Dashboard",
  "uid": "cdhfiry6evklcf",
  "version": 3,
  "weekStart": ""
}